INSERT INTO categoria (id_categoria, nombre, descripcion) VALUES
(1, 'Guitarras electricas', 'Instrumentos electricos de seis cuerdas'),
(2, 'Guitarras acusticas', 'Guitarras para practica y presentacion'),
(3, 'Bajos electricos', 'Bajos de cuatro y cinco cuerdas'),
(4, 'Teclados y pianos', 'Teclados, sintetizadores y pianos digitales'),
(5, 'Baterias acusticas', 'Sets de bateria tradicionales'),
(6, 'Baterias electronicas', 'Baterias digitales para practica y grabacion'),
(7, 'Microfonos dinamicos', 'Microfonos para voz e instrumentos'),
(8, 'Microfonos condensador', 'Microfonos para estudio y grabacion'),
(9, 'Interfaces de audio', 'Interfaces USB para grabacion'),
(10, 'Monitores de estudio', 'Parlantes para mezcla y monitoreo'),
(11, 'Audifonos de monitoreo', 'Audifonos cerrados y abiertos para estudio'),
(12, 'Mezcladoras', 'Consolas y mezcladoras analogas o digitales'),
(13, 'Controladores MIDI', 'Teclados y pads para produccion musical'),
(14, 'Cables XLR', 'Cables balanceados para microfono'),
(15, 'Cables TRS', 'Cables balanceados para linea'),
(16, 'Pedales de efectos', 'Pedales para guitarra y bajo'),
(17, 'Amplificadores de guitarra', 'Combos y cabezales para guitarra'),
(18, 'Amplificadores de bajo', 'Amplificadores y combos para bajo'),
(19, 'Soportes y atriles', 'Atriles, bases y soportes'),
(20, 'Cuerdas', 'Juegos de cuerdas para distintos instrumentos'),
(21, 'Parches y baquetas', 'Accesorios para bateria'),
(22, 'Accesorios para estudio', 'Accesorios de apoyo para grabacion'),
(23, 'Grabadoras portatiles', 'Grabadoras para campo y ensayo'),
(24, 'Sistemas inalambricos', 'Sistemas de microfono inalambrico'),
(25, 'Iluminacion y escenario', 'Equipo basico para presentaciones');

INSERT INTO proveedor (id_proveedor, nombre, telefono, correo, direccion) VALUES
(1, 'Audio Center Guatemala', '50230010001', 'contacto1@audiocentergt.com', 'Zona 10, Ciudad de Guatemala'),
(2, 'Music World GT', '50230010002', 'contacto2@musicworldgt.com', 'Zona 4, Ciudad de Guatemala'),
(3, 'Instrumentos Sonora', '50230010003', 'contacto3@sonoragt.com', 'Zona 11, Ciudad de Guatemala'),
(4, 'Studio Supply GT', '50230010004', 'contacto4@studiosupplygt.com', 'Zona 14, Ciudad de Guatemala'),
(5, 'Pro Audio Market', '50230010005', 'contacto5@proaudiomarket.com', 'Zona 9, Ciudad de Guatemala'),
(6, 'Beat House', '50230010006', 'contacto6@beathousegt.com', 'Mixco, Guatemala'),
(7, 'Cables y Mas', '50230010007', 'contacto7@cablesymas.com', 'Zona 12, Ciudad de Guatemala'),
(8, 'Musica Activa', '50230010008', 'contacto8@musicaactiva.com', 'Zona 1, Ciudad de Guatemala'),
(9, 'Importadora Fender GT', '50230010009', 'contacto9@fendergt.com', 'Zona 15, Ciudad de Guatemala'),
(10, 'Yamaha Distribucion GT', '50230010010', 'contacto10@yamahagt.com', 'Zona 13, Ciudad de Guatemala'),
(11, 'Percusion Total', '50230010011', 'contacto11@percusiontotal.com', 'Villa Nueva, Guatemala'),
(12, 'Microfonos Pro', '50230010012', 'contacto12@microfonospro.com', 'Zona 5, Ciudad de Guatemala'),
(13, 'Monitoreo GT', '50230010013', 'contacto13@monitoreogt.com', 'Carretera a El Salvador'),
(14, 'Keys and Pads', '50230010014', 'contacto14@keysandpads.com', 'Zona 16, Ciudad de Guatemala'),
(15, 'Rock Supply', '50230010015', 'contacto15@rocksupply.com', 'Zona 7, Ciudad de Guatemala'),
(16, 'Live Gear Guatemala', '50230010016', 'contacto16@livegeargt.com', 'Zona 8, Ciudad de Guatemala'),
(17, 'Bass House GT', '50230010017', 'contacto17@basshousegt.com', 'Zona 18, Ciudad de Guatemala'),
(18, 'Digital Sound GT', '50230010018', 'contacto18@digitalsoundgt.com', 'Zona 17, Ciudad de Guatemala'),
(19, 'Acoustic Imports', '50230010019', 'contacto19@acousticimports.com', 'Zona 3, Ciudad de Guatemala'),
(20, 'Stage Lights GT', '50230010020', 'contacto20@stagelightsgt.com', 'Amatitlan, Guatemala'),
(21, 'Wireless Shop', '50230010021', 'contacto21@wirelessshopgt.com', 'Zona 6, Ciudad de Guatemala'),
(22, 'Drum Parts GT', '50230010022', 'contacto22@drumpartsgt.com', 'San Lucas, Sacatepequez'),
(23, 'Home Studio Store', '50230010023', 'contacto23@homestudiostore.com', 'Zona 2, Ciudad de Guatemala'),
(24, 'Sound Lab Imports', '50230010024', 'contacto24@soundlabimports.com', 'Zona 19, Ciudad de Guatemala'),
(25, 'Escenario Profesional', '50230010025', 'contacto25@escenarioprofesional.com', 'Zona 21, Ciudad de Guatemala');

INSERT INTO cliente (id_cliente, nombre, apellido, telefono, correo) VALUES
(1, 'Daniel', 'Sandoval', '50241000001', 'cliente1@gmail.com'),
(2, 'Andrea', 'Lopez', '50241000002', 'cliente2@gmail.com'),
(3, 'Luis', 'Garcia', '50241000003', 'cliente3@gmail.com'),
(4, 'Maria', 'Perez', '50241000004', 'cliente4@gmail.com'),
(5, 'Carlos', 'Mendez', '50241000005', 'cliente5@gmail.com'),
(6, 'Sofia', 'Morales', '50241000006', 'cliente6@gmail.com'),
(7, 'Jorge', 'Castillo', '50241000007', 'cliente7@gmail.com'),
(8, 'Valeria', 'Reyes', '50241000008', 'cliente8@gmail.com'),
(9, 'Pablo', 'Cano', '50241000009', 'cliente9@gmail.com'),
(10, 'Ana', 'Gomez', '50241000010', 'cliente10@gmail.com'),
(11, 'Fernando', 'Rios', '50241000011', 'cliente11@gmail.com'),
(12, 'Paula', 'Soto', '50241000012', 'cliente12@gmail.com'),
(13, 'Ricardo', 'Molina', '50241000013', 'cliente13@gmail.com'),
(14, 'Camila', 'Diaz', '50241000014', 'cliente14@gmail.com'),
(15, 'Esteban', 'Ruiz', '50241000015', 'cliente15@gmail.com'),
(16, 'Natalia', 'Herrera', '50241000016', 'cliente16@gmail.com'),
(17, 'Jose', 'Barrios', '50241000017', 'cliente17@gmail.com'),
(18, 'Gabriela', 'Alvarado', '50241000018', 'cliente18@gmail.com'),
(19, 'Kevin', 'Pineda', '50241000019', 'cliente19@gmail.com'),
(20, 'Lucia', 'Cruz', '50241000020', 'cliente20@gmail.com'),
(21, 'Miguel', 'Ramirez', '50241000021', 'cliente21@gmail.com'),
(22, 'Elena', 'Vasquez', '50241000022', 'cliente22@gmail.com'),
(23, 'Marco', 'Torres', '50241000023', 'cliente23@gmail.com'),
(24, 'Diana', 'Fuentes', '50241000024', 'cliente24@gmail.com'),
(25, 'Alejandro', 'Juarez', '50241000025', 'cliente25@gmail.com');

INSERT INTO empleado (id_empleado, nombre, apellido, puesto, telefono, correo) VALUES
(1, 'Juan', 'Ramirez', 'Vendedor', '50242000001', 'empleado1@tienda.com'),
(2, 'Karla', 'Giron', 'Vendedor', '50242000002', 'empleado2@tienda.com'),
(3, 'Pedro', 'Reyes', 'Cajero', '50242000003', 'empleado3@tienda.com'),
(4, 'Marta', 'Rosales', 'Encargado de inventario', '50242000004', 'empleado4@tienda.com'),
(5, 'Diego', 'Monterroso', 'Vendedor', '50242000005', 'empleado5@tienda.com'),
(6, 'Patricia', 'Sanchez', 'Cajero', '50242000006', 'empleado6@tienda.com'),
(7, 'Hugo', 'Flores', 'Vendedor', '50242000007', 'empleado7@tienda.com'),
(8, 'Melissa', 'Aguilar', 'Gerente', '50242000008', 'empleado8@tienda.com'),
(9, 'Oscar', 'Lemus', 'Vendedor', '50242000009', 'empleado9@tienda.com'),
(10, 'Cecilia', 'Navarro', 'Cajero', '50242000010', 'empleado10@tienda.com'),
(11, 'Rene', 'Cabrera', 'Vendedor', '50242000011', 'empleado11@tienda.com'),
(12, 'Monica', 'Alvarez', 'Encargado de inventario', '50242000012', 'empleado12@tienda.com'),
(13, 'Arturo', 'Mejia', 'Vendedor', '50242000013', 'empleado13@tienda.com'),
(14, 'Sonia', 'Figueroa', 'Cajero', '50242000014', 'empleado14@tienda.com'),
(15, 'Victor', 'Mazariegos', 'Vendedor', '50242000015', 'empleado15@tienda.com'),
(16, 'Claudia', 'Roldan', 'Gerente', '50242000016', 'empleado16@tienda.com'),
(17, 'Javier', 'Morataya', 'Vendedor', '50242000017', 'empleado17@tienda.com'),
(18, 'Paola', 'Ordonez', 'Cajero', '50242000018', 'empleado18@tienda.com'),
(19, 'Sergio', 'Santos', 'Vendedor', '50242000019', 'empleado19@tienda.com'),
(20, 'Lorena', 'Velasquez', 'Encargado de inventario', '50242000020', 'empleado20@tienda.com'),
(21, 'Manuel', 'Maldonado', 'Vendedor', '50242000021', 'empleado21@tienda.com'),
(22, 'Ingrid', 'Arias', 'Cajero', '50242000022', 'empleado22@tienda.com'),
(23, 'Raul', 'Bolanos', 'Vendedor', '50242000023', 'empleado23@tienda.com'),
(24, 'Silvia', 'Linares', 'Vendedor', '50242000024', 'empleado24@tienda.com'),
(25, 'Tomas', 'Salazar', 'Gerente', '50242000025', 'empleado25@tienda.com');

INSERT INTO producto (id_producto, nombre, descripcion, marca, precio_venta, stock_actual, stock_minimo, id_categoria, id_proveedor) VALUES
(1, 'Player Stratocaster', 'Guitarra electrica de seis cuerdas', 'Fender', 6200.00, 8, 2, 1, 9),
(2, 'F310', 'Guitarra acustica para practica', 'Yamaha', 1450.00, 15, 4, 2, 10),
(3, 'GSR200', 'Bajo electrico de cuatro cuerdas', 'Ibanez', 2100.00, 6, 2, 3, 17),
(4, 'P45', 'Piano digital de 88 teclas', 'Yamaha', 4800.00, 4, 1, 4, 10),
(5, 'Roadshow', 'Bateria acustica completa', 'Pearl', 5900.00, 3, 1, 5, 11),
(6, 'Nitro Max', 'Bateria electronica compacta', 'Alesis', 4200.00, 5, 1, 6, 18),
(7, 'SM58', 'Microfono dinamico vocal', 'Shure', 950.00, 12, 3, 7, 12),
(8, 'C214', 'Microfono condensador de estudio', 'AKG', 2950.00, 5, 2, 8, 24),
(9, 'Scarlett 2i2', 'Interfaz de audio USB', 'Focusrite', 1850.00, 7, 2, 9, 5),
(10, 'Rokit 5 G4 Par', 'Par de monitores de estudio', 'KRK', 4200.00, 4, 1, 10, 13),
(11, 'ATH-M40x', 'Audifonos cerrados para monitoreo', 'Audio-Technica', 950.00, 10, 3, 11, 13),
(12, 'MG10XU', 'Mezcladora con efectos', 'Yamaha', 2200.00, 5, 1, 12, 10),
(13, 'MPK Mini MK3', 'Controlador MIDI compacto', 'Akai', 950.00, 9, 2, 13, 14),
(14, 'Cable XLR 6m', 'Cable balanceado para microfono', 'Proel', 120.00, 40, 10, 14, 7),
(15, 'Cable TRS 3m', 'Cable balanceado para linea', 'Hosa', 95.00, 35, 10, 15, 7),
(16, 'DS-1', 'Pedal de distorsion', 'Boss', 550.00, 14, 3, 16, 15),
(17, 'Code 50', 'Amplificador digital para guitarra', 'Marshall', 2650.00, 4, 1, 17, 15),
(18, 'RB-110', 'Amplificador combo para bajo', 'Ampeg', 3100.00, 3, 1, 18, 17),
(19, 'GS414B', 'Soporte para guitarra', 'Hercules', 180.00, 20, 5, 19, 19),
(20, 'Regular Slinky 10-46', 'Juego de cuerdas para guitarra electrica', 'Ernie Ball', 65.00, 60, 15, 20, 2),
(21, 'American Classic 5A', 'Par de baquetas', 'Vic Firth', 110.00, 30, 8, 21, 22),
(22, 'Filtro Antipop', 'Accesorio para grabacion vocal', 'Stedman', 140.00, 18, 4, 22, 23),
(23, 'H1n', 'Grabadora portatil estereo', 'Zoom', 980.00, 6, 2, 23, 23),
(24, 'BLX24 SM58', 'Sistema inalambrico vocal', 'Shure', 3850.00, 3, 1, 24, 21),
(25, 'Barra LED Wash', 'Iluminacion para escenario', 'Chauvet', 1250.00, 7, 2, 25, 20);

INSERT INTO venta (id_venta, fecha, metodo_pago, estado, total, id_cliente, id_empleado) VALUES
(1, '2026-02-01 10:15:00', 'Efectivo', 'Completada', 6200.00, 1, 1),
(2, '2026-02-02 11:20:00', 'Tarjeta', 'Completada', 1850.00, 2, 2),
(3, '2026-02-03 14:10:00', 'Transferencia', 'Completada', 195.00, 3, 3),
(4, '2026-02-04 16:05:00', 'Tarjeta', 'Completada', 1900.00, 4, 5),
(5, '2026-02-05 12:30:00', 'Efectivo', 'Completada', 950.00, 5, 7),
(6, '2026-02-06 09:45:00', 'Tarjeta', 'Completada', 950.00, 6, 9),
(7, '2026-02-07 15:00:00', 'Transferencia', 'Completada', 600.00, 7, 11),
(8, '2026-02-08 13:25:00', 'Efectivo', 'Completada', 380.00, 8, 13),
(9, '2026-02-09 17:40:00', 'Tarjeta', 'Completada', 1100.00, 9, 15),
(10, '2026-02-10 10:10:00', 'Efectivo', 'Completada', 280.00, 10, 17),
(11, '2026-02-11 11:55:00', 'Transferencia', 'Completada', 330.00, 11, 19),
(12, '2026-02-12 18:15:00', 'Tarjeta', 'Completada', 2100.00, 12, 21),
(13, '2026-02-13 09:20:00', 'Efectivo', 'Completada', 4800.00, 13, 23),
(14, '2026-02-14 12:50:00', 'Tarjeta', 'Completada', 3850.00, 14, 24),
(15, '2026-02-15 14:35:00', 'Transferencia', 'Completada', 980.00, 15, 25),
(16, '2026-02-16 16:45:00', 'Efectivo', 'Completada', 4200.00, 16, 4),
(17, '2026-02-17 11:40:00', 'Tarjeta', 'Completada', 2950.00, 17, 6),
(18, '2026-02-18 15:10:00', 'Efectivo', 'Completada', 2650.00, 18, 8),
(19, '2026-02-19 13:00:00', 'Transferencia', 'Completada', 3100.00, 19, 10),
(20, '2026-02-20 10:30:00', 'Tarjeta', 'Completada', 1450.00, 20, 12),
(21, '2026-02-21 17:25:00', 'Efectivo', 'Completada', 2500.00, 21, 14),
(22, '2026-02-22 09:50:00', 'Transferencia', 'Completada', 4200.00, 22, 16),
(23, '2026-02-23 12:15:00', 'Tarjeta', 'Completada', 5900.00, 23, 18),
(24, '2026-02-24 16:20:00', 'Efectivo', 'Completada', 2200.00, 24, 20),
(25, '2026-02-25 11:05:00', 'Tarjeta', 'Completada', 360.00, 25, 22);

INSERT INTO detalle_venta (id_detalle_venta, cantidad, precio_unitario, subtotal, id_venta, id_producto) VALUES
(1, 1, 6200.00, 6200.00, 1, 1),
(2, 1, 1850.00, 1850.00, 2, 9),
(3, 3, 65.00, 195.00, 3, 20),
(4, 2, 950.00, 1900.00, 4, 7),
(5, 1, 950.00, 950.00, 5, 13),
(6, 1, 950.00, 950.00, 6, 11),
(7, 5, 120.00, 600.00, 7, 14),
(8, 4, 95.00, 380.00, 8, 15),
(9, 2, 550.00, 1100.00, 9, 16),
(10, 2, 140.00, 280.00, 10, 22),
(11, 3, 110.00, 330.00, 11, 21),
(12, 1, 2100.00, 2100.00, 12, 3),
(13, 1, 4800.00, 4800.00, 13, 4),
(14, 1, 3850.00, 3850.00, 14, 24),
(15, 1, 980.00, 980.00, 15, 23),
(16, 1, 4200.00, 4200.00, 16, 10),
(17, 1, 2950.00, 2950.00, 17, 8),
(18, 1, 2650.00, 2650.00, 18, 17),
(19, 1, 3100.00, 3100.00, 19, 18),
(20, 1, 1450.00, 1450.00, 20, 2),
(21, 2, 1250.00, 2500.00, 21, 25),
(22, 1, 4200.00, 4200.00, 22, 6),
(23, 1, 5900.00, 5900.00, 23, 5),
(24, 1, 2200.00, 2200.00, 24, 12),
(25, 2, 180.00, 360.00, 25, 19);

SELECT setval('categoria_id_categoria_seq', 25, true);
SELECT setval('proveedor_id_proveedor_seq', 25, true);
SELECT setval('cliente_id_cliente_seq', 25, true);
SELECT setval('empleado_id_empleado_seq', 25, true);
SELECT setval('producto_id_producto_seq', 25, true);
SELECT setval('venta_id_venta_seq', 25, true);
SELECT setval('detalle_venta_id_detalle_venta_seq', 25, true);